{"b_auto_0": 1.4184244461168785, "beta_transient_0": -10.4, "b_auto": [1.9727226068054446, -1], "beta_durable": [7.2], "beta_transient": [19.1], "generating_lags": [1, 2], "modeling_lags": [1, 2], "error_scale": 3.2}