{"X1": [[1.0, 1.6419200406711503, 1.1467195295966137, -0.9731795154745656, -1.3928000963768683, 0.06719635507109722], [1.0, 0.509186798845688, 1.8102855742952833, 0.7508434731539183, 0.6397595539314624, -0.7313225212292476], [1.0, 1.4844055856837017, 0.048912403069534136, 0.8115201169815576, -1.3764228399745688, -0.43637073584081926], [1.0, -0.7756786842437912, 0.9030630777436289, -1.4805813250203528, -0.5340928297145819, 0.16378857220098098], [1.0, -0.25228975964635664, -0.22186154087661292, 0.4181385697197018, -0.43125454836060817, 0.27226068000682285], [1.0, 0.42456925614196805, 0.224943388070294, 1.6576840551979304, -0.6636760694670103, 1.1991871656162354], [1.0, -0.9579261729918135, 1.21119446936847, -0.43950590401335643, -0.3876358717280692, -1.3886836827516753], [1.0, 0.6343009414440183, -1.1652663772886236, 0.7782729899588319, 1.8481672953210666, -0.11479794585014706], [1.0, 0.3941991740101531, 0.761728470454166, -0.26179037875573763, 0.01746449083513856, 1.335270728748762], [1.0, 0.7099782281560677, -0.8664008771744728, -0.053675571091266104, 0.6029173174380699, -0.21186586854573583]], "y1": [-0.6100179289879054, -0.7653887202041866, -0.6320088192840502, -0.6716047883569987, -0.4511113866062102, 1.1456772338915662, -0.8006419813196771, 0.886902071116937, 0.4175846609939748, 0.13974968489353012], "X2": [[1.0, -0.45669421292582424, 1.9735553403293085, 0.09906791154843822, 0.5382077472406755, 0.6630316327280554], [1.0, -0.23751636353283292, -0.6101975720154739, -0.059613974391862584, -0.26081938409702304, 0.7906767161489346], [1.0, 0.2392704544306721, 0.14500945046766703, 1.2283676805724408, -0.5426271806747859, -0.4783561223374009], [1.0, -0.10641011004975655, 0.36087808534664895, -0.7289883307524213, 0.023331107517175056, 0.4318338284071015], [1.0, -0.6949340684151928, 0.4230625681693494, 2.248808075105902, 0.4622860020006555, -0.058919583651991944], [1.0, 0.3916259358397935, -2.5014067590171156, -0.049529303003866015, -0.33014465543930227, -0.5194129145674927], [1.0, -2.473538561912027, -0.02227481933113591, 0.06897907838830987, 0.467329818105146, -1.601700699707578], [1.0, -1.4954484017273064, -0.12761874184623326, 0.19591943562431058, 0.16448711650250541, -0.19800979344399408], [1.0, 0.177361658982001, 0.4050683838900256, 0.025225214035725262, -1.7828706326846306, -0.8147067236288767], [1.0, -0.9103295311933346, -0.7984248684613153, 0.11335636333069822, -0.04552926588091465, 0.8938070413179886]], "y2": [0.5118538884830525, -0.43513382182385457, 0.11425397649853589, -2.8588525107765945, -0.7974051542113659, -0.147432308720016, -2.3872431436868378, -0.3224429777130407, 0.2516400225857998, 1.0349501503519076]}